EmployeeID,Name,Age,Gender
EMP001,Employee_1,30,Non-binary
EMP002,Employee_2,26,Non-binary
EMP003,Employee_3,27,Female
EMP004,Employee_4,47,Male
EMP005,Employee_5,24,Female
EMP006,Employee_6,44,Female
EMP007,Employee_7,56,Non-binary
EMP008,Employee_8,46,Non-binary
EMP009,Employee_9,44,Non-binary
EMP010,Employee_10,47,Female
EMP011,Employee_11,27,Male
EMP012,Employee_12,23,Non-binary
EMP013,Employee_13,55,Male
EMP014,Employee_14,35,Non-binary
EMP015,Employee_15,50,Female
EMP016,Employee_16,56,Non-binary
EMP017,Employee_17,26,Female
EMP018,Employee_18,48,Non-binary
EMP019,Employee_19,37,Female
EMP020,Employee_20,35,Male
EMP021,Employee_21,30,Female
EMP022,Employee_22,57,Non-binary
EMP023,Employee_23,54,Non-binary
EMP024,Employee_24,60,Female
EMP025,Employee_25,53,Non-binary
EMP026,Employee_26,36,Male
EMP027,Employee_27,33,Male
EMP028,Employee_28,22,Female
EMP029,Employee_29,27,Male
EMP030,Employee_30,23,Female
EMP031,Employee_31,39,Non-binary
EMP032,Employee_32,52,Female
EMP033,Employee_33,34,Male
EMP034,Employee_34,28,Female
EMP035,Employee_35,60,Female
EMP036,Employee_36,48,Male
EMP037,Employee_37,48,Male
EMP038,Employee_38,32,Male
EMP039,Employee_39,35,Non-binary
EMP040,Employee_40,38,Non-binary
EMP041,Employee_41,27,Male
EMP042,Employee_42,45,Non-binary
EMP043,Employee_43,33,Male
EMP044,Employee_44,32,Female
EMP045,Employee_45,31,Non-binary
EMP046,Employee_46,22,Female
EMP047,Employee_47,60,Female
EMP048,Employee_48,52,Non-binary
EMP049,Employee_49,44,Female
EMP050,Employee_50,51,Non-binary
EMP051,Employee_51,58,Male
EMP052,Employee_52,58,Male
EMP053,Employee_53,52,Non-binary
EMP054,Employee_54,25,Male
EMP055,Employee_55,53,Non-binary
EMP056,Employee_56,29,Female
EMP057,Employee_57,54,Non-binary
EMP058,Employee_58,39,Male
EMP059,Employee_59,28,Female
EMP060,Employee_60,28,Male
EMP061,Employee_61,44,Non-binary
EMP062,Employee_62,33,Male
EMP063,Employee_63,34,Female
EMP064,Employee_64,30,Female
EMP065,Employee_65,55,Non-binary
EMP066,Employee_66,29,Male
EMP067,Employee_67,54,Male
EMP068,Employee_68,38,Female
EMP069,Employee_69,47,Female
EMP070,Employee_70,29,Male
EMP071,Employee_71,59,Female
EMP072,Employee_72,55,Non-binary
EMP073,Employee_73,54,Non-binary
EMP074,Employee_74,41,Non-binary
EMP075,Employee_75,29,Male
EMP076,Employee_76,50,Non-binary
EMP077,Employee_77,45,Non-binary
EMP078,Employee_78,39,Female
EMP079,Employee_79,48,Female
EMP080,Employee_80,31,Non-binary
EMP081,Employee_81,49,Non-binary
EMP082,Employee_82,57,Non-binary
EMP083,Employee_83,58,Non-binary
EMP084,Employee_84,50,Non-binary
EMP085,Employee_85,27,Male
EMP086,Employee_86,37,Female
EMP087,Employee_87,48,Female
EMP088,Employee_88,33,Non-binary
EMP089,Employee_89,55,Non-binary
EMP090,Employee_90,34,Male
EMP091,Employee_91,32,Non-binary
EMP092,Employee_92,30,Female
EMP093,Employee_93,51,Male
EMP094,Employee_94,54,Non-binary
EMP095,Employee_95,50,Non-binary
EMP096,Employee_96,28,Female
EMP097,Employee_97,58,Non-binary
EMP098,Employee_98,53,Female
EMP099,Employee_99,24,Male
EMP100,Employee_100,49,Male
EMP101,Employee_101,47,Male
EMP102,Employee_102,27,Non-binary
EMP103,Employee_103,27,Female
EMP104,Employee_104,33,Male
EMP105,Employee_105,48,Female
EMP106,Employee_106,24,Male
EMP107,Employee_107,41,Non-binary
EMP108,Employee_108,31,Non-binary
EMP109,Employee_109,42,Female
EMP110,Employee_110,36,Male
EMP111,Employee_111,41,Male
EMP112,Employee_112,26,Non-binary
EMP113,Employee_113,40,Non-binary
EMP114,Employee_114,53,Male
EMP115,Employee_115,46,Male
EMP116,Employee_116,37,Female
EMP117,Employee_117,36,Female
EMP118,Employee_118,22,Male
EMP119,Employee_119,45,Male
EMP120,Employee_120,32,Female
EMP121,Employee_121,48,Female
EMP122,Employee_122,49,Non-binary
EMP123,Employee_123,51,Male
EMP124,Employee_124,60,Female
EMP125,Employee_125,52,Male
EMP126,Employee_126,36,Male
EMP127,Employee_127,50,Female
EMP128,Employee_128,24,Female
EMP129,Employee_129,48,Non-binary
EMP130,Employee_130,44,Non-binary
EMP131,Employee_131,43,Non-binary
EMP132,Employee_132,29,Male
EMP133,Employee_133,48,Female
EMP134,Employee_134,22,Non-binary
EMP135,Employee_135,48,Female
EMP136,Employee_136,60,Non-binary
EMP137,Employee_137,49,Non-binary
EMP138,Employee_138,40,Male
EMP139,Employee_139,29,Female
EMP140,Employee_140,36,Female
EMP141,Employee_141,51,Non-binary
EMP142,Employee_142,22,Female
EMP143,Employee_143,56,Male
EMP144,Employee_144,28,Male
EMP145,Employee_145,40,Male
EMP146,Employee_146,28,Male
EMP147,Employee_147,28,Non-binary
EMP148,Employee_148,57,Non-binary
EMP149,Employee_149,34,Non-binary
EMP150,Employee_150,50,Male
EMP151,Employee_151,28,Male
EMP152,Employee_152,50,Non-binary
EMP153,Employee_153,45,Female
EMP154,Employee_154,35,Non-binary
EMP155,Employee_155,55,Male
EMP156,Employee_156,22,Female
EMP157,Employee_157,39,Non-binary
EMP158,Employee_158,49,Male
EMP159,Employee_159,43,Female
EMP160,Employee_160,55,Male
EMP161,Employee_161,51,Female
EMP162,Employee_162,27,Male
EMP163,Employee_163,41,Female
EMP164,Employee_164,46,Female
EMP165,Employee_165,29,Female
EMP166,Employee_166,44,Male
EMP167,Employee_167,29,Female
EMP168,Employee_168,58,Female
EMP169,Employee_169,54,Female
EMP170,Employee_170,32,Female
EMP171,Employee_171,22,Female
EMP172,Employee_172,46,Male
EMP173,Employee_173,40,Non-binary
EMP174,Employee_174,26,Non-binary
EMP175,Employee_175,41,Female
EMP176,Employee_176,28,Male
EMP177,Employee_177,33,Male
EMP178,Employee_178,57,Male
EMP179,Employee_179,33,Non-binary
EMP180,Employee_180,28,Male
EMP181,Employee_181,23,Non-binary
EMP182,Employee_182,40,Female
EMP183,Employee_183,24,Non-binary
EMP184,Employee_184,35,Male
EMP185,Employee_185,57,Female
EMP186,Employee_186,53,Non-binary
EMP187,Employee_187,44,Male
EMP188,Employee_188,36,Female
EMP189,Employee_189,30,Male
EMP190,Employee_190,38,Female
EMP191,Employee_191,54,Female
EMP192,Employee_192,51,Non-binary
EMP193,Employee_193,52,Non-binary
EMP194,Employee_194,56,Female
EMP195,Employee_195,39,Female
EMP196,Employee_196,48,Non-binary
EMP197,Employee_197,44,Female
EMP198,Employee_198,46,Female
EMP199,Employee_199,43,Non-binary
EMP200,Employee_200,53,Female
EMP201,Employee_201,31,Male
EMP202,Employee_202,39,Non-binary
EMP203,Employee_203,48,Non-binary
EMP204,Employee_204,58,Male
EMP205,Employee_205,23,Non-binary
EMP206,Employee_206,55,Female
EMP207,Employee_207,44,Non-binary
EMP208,Employee_208,25,Non-binary
EMP209,Employee_209,34,Non-binary
EMP210,Employee_210,29,Non-binary
EMP211,Employee_211,38,Female
EMP212,Employee_212,44,Male
EMP213,Employee_213,38,Male
EMP214,Employee_214,55,Male
EMP215,Employee_215,26,Female
EMP216,Employee_216,46,Male
EMP217,Employee_217,31,Male
EMP218,Employee_218,43,Male
EMP219,Employee_219,50,Female
EMP220,Employee_220,33,Non-binary
EMP221,Employee_221,54,Male
EMP222,Employee_222,26,Female
EMP223,Employee_223,37,Female
EMP224,Employee_224,28,Female
EMP225,Employee_225,36,Female
EMP226,Employee_226,56,Non-binary
EMP227,Employee_227,59,Non-binary
EMP228,Employee_228,39,Male
EMP229,Employee_229,55,Non-binary
EMP230,Employee_230,56,Non-binary
EMP231,Employee_231,52,Female
EMP232,Employee_232,32,Female
EMP233,Employee_233,40,Female
EMP234,Employee_234,37,Female
EMP235,Employee_235,47,Non-binary
EMP236,Employee_236,48,Female
EMP237,Employee_237,30,Non-binary
EMP238,Employee_238,31,Male
EMP239,Employee_239,52,Female
EMP240,Employee_240,46,Male
EMP241,Employee_241,42,Non-binary
EMP242,Employee_242,51,Male
EMP243,Employee_243,43,Female
EMP244,Employee_244,54,Male
EMP245,Employee_245,56,Non-binary
EMP246,Employee_246,44,Female
EMP247,Employee_247,23,Female
EMP248,Employee_248,48,Male
EMP249,Employee_249,32,Female
EMP250,Employee_250,57,Female
EMP251,Employee_251,42,Non-binary
EMP252,Employee_252,56,Non-binary
EMP253,Employee_253,24,Female
EMP254,Employee_254,50,Female
EMP255,Employee_255,31,Female
EMP256,Employee_256,43,Non-binary
EMP257,Employee_257,57,Male
EMP258,Employee_258,43,Female
EMP259,Employee_259,53,Male
EMP260,Employee_260,34,Non-binary
EMP261,Employee_261,57,Male
EMP262,Employee_262,60,Male
EMP263,Employee_263,47,Non-binary
EMP264,Employee_264,33,Non-binary
EMP265,Employee_265,30,Female
EMP266,Employee_266,31,Female
EMP267,Employee_267,45,Female
EMP268,Employee_268,44,Male
EMP269,Employee_269,38,Non-binary
EMP270,Employee_270,52,Female
EMP271,Employee_271,29,Male
EMP272,Employee_272,36,Non-binary
EMP273,Employee_273,37,Male
EMP274,Employee_274,45,Non-binary
EMP275,Employee_275,58,Non-binary
EMP276,Employee_276,31,Male
EMP277,Employee_277,23,Male
EMP278,Employee_278,50,Non-binary
EMP279,Employee_279,41,Non-binary
EMP280,Employee_280,32,Male
EMP281,Employee_281,42,Non-binary
EMP282,Employee_282,57,Male
EMP283,Employee_283,38,Non-binary
EMP284,Employee_284,52,Male
EMP285,Employee_285,32,Female
EMP286,Employee_286,25,Male
EMP287,Employee_287,42,Male
EMP288,Employee_288,27,Female
EMP289,Employee_289,56,Female
EMP290,Employee_290,55,Male
EMP291,Employee_291,52,Non-binary
EMP292,Employee_292,44,Female
EMP293,Employee_293,42,Female
EMP294,Employee_294,49,Non-binary
EMP295,Employee_295,52,Non-binary
EMP296,Employee_296,35,Male
EMP297,Employee_297,48,Non-binary
EMP298,Employee_298,58,Male
EMP299,Employee_299,27,Non-binary
EMP300,Employee_300,57,Non-binary
EMP301,Employee_301,22,Non-binary
EMP302,Employee_302,38,Non-binary
EMP303,Employee_303,40,Male
EMP304,Employee_304,59,Non-binary
EMP305,Employee_305,26,Male
EMP306,Employee_306,59,Male
EMP307,Employee_307,60,Male
EMP308,Employee_308,22,Non-binary
EMP309,Employee_309,42,Female
EMP310,Employee_310,43,Female
EMP311,Employee_311,54,Male
EMP312,Employee_312,58,Non-binary
EMP313,Employee_313,33,Female
EMP314,Employee_314,31,Non-binary
EMP315,Employee_315,54,Male
EMP316,Employee_316,27,Male
EMP317,Employee_317,27,Male
EMP318,Employee_318,26,Female
EMP319,Employee_319,30,Male
EMP320,Employee_320,53,Male
EMP321,Employee_321,35,Non-binary
EMP322,Employee_322,58,Non-binary
EMP323,Employee_323,28,Male
EMP324,Employee_324,50,Male
EMP325,Employee_325,45,Non-binary
EMP326,Employee_326,23,Non-binary
EMP327,Employee_327,26,Male
EMP328,Employee_328,43,Male
EMP329,Employee_329,45,Female
EMP330,Employee_330,33,Non-binary
EMP331,Employee_331,42,Male
EMP332,Employee_332,30,Non-binary
EMP333,Employee_333,27,Non-binary
EMP334,Employee_334,24,Male
EMP335,Employee_335,55,Female
EMP336,Employee_336,59,Non-binary
EMP337,Employee_337,25,Female
EMP338,Employee_338,58,Female
EMP339,Employee_339,22,Male
EMP340,Employee_340,41,Male
EMP341,Employee_341,25,Female
EMP342,Employee_342,23,Male
EMP343,Employee_343,26,Male
EMP344,Employee_344,45,Male
EMP345,Employee_345,50,Male
EMP346,Employee_346,54,Female
EMP347,Employee_347,57,Female
EMP348,Employee_348,46,Non-binary
EMP349,Employee_349,51,Female
EMP350,Employee_350,32,Non-binary
EMP351,Employee_351,58,Female
EMP352,Employee_352,40,Non-binary
EMP353,Employee_353,53,Female
EMP354,Employee_354,49,Non-binary
EMP355,Employee_355,48,Non-binary
EMP356,Employee_356,36,Male
EMP357,Employee_357,24,Female
EMP358,Employee_358,46,Male
EMP359,Employee_359,26,Male
EMP360,Employee_360,57,Male
EMP361,Employee_361,34,Female
EMP362,Employee_362,57,Female
EMP363,Employee_363,23,Non-binary
EMP364,Employee_364,43,Female
EMP365,Employee_365,22,Male
EMP366,Employee_366,60,Non-binary
EMP367,Employee_367,53,Female
EMP368,Employee_368,51,Non-binary
EMP369,Employee_369,34,Non-binary
EMP370,Employee_370,43,Female
EMP371,Employee_371,50,Non-binary
EMP372,Employee_372,56,Male
EMP373,Employee_373,24,Female
EMP374,Employee_374,59,Non-binary
EMP375,Employee_375,48,Male
EMP376,Employee_376,35,Male
EMP377,Employee_377,28,Female
EMP378,Employee_378,45,Female
EMP379,Employee_379,54,Non-binary
EMP380,Employee_380,31,Female
EMP381,Employee_381,56,Female
EMP382,Employee_382,33,Non-binary
EMP383,Employee_383,40,Male
EMP384,Employee_384,39,Male
EMP385,Employee_385,33,Female
EMP386,Employee_386,54,Male
EMP387,Employee_387,46,Female
EMP388,Employee_388,45,Non-binary
EMP389,Employee_389,50,Male
EMP390,Employee_390,33,Male
EMP391,Employee_391,38,Male
EMP392,Employee_392,44,Female
EMP393,Employee_393,35,Female
EMP394,Employee_394,29,Male
EMP395,Employee_395,54,Female
EMP396,Employee_396,29,Female
EMP397,Employee_397,53,Female
EMP398,Employee_398,37,Female
EMP399,Employee_399,37,Male
EMP400,Employee_400,23,Female
EMP401,Employee_401,24,Male
EMP402,Employee_402,45,Non-binary
EMP403,Employee_403,44,Male
EMP404,Employee_404,23,Non-binary
EMP405,Employee_405,54,Non-binary
EMP406,Employee_406,55,Male
EMP407,Employee_407,36,Male
EMP408,Employee_408,57,Non-binary
EMP409,Employee_409,26,Non-binary
EMP410,Employee_410,45,Female
EMP411,Employee_411,39,Female
EMP412,Employee_412,34,Non-binary
EMP413,Employee_413,51,Non-binary
EMP414,Employee_414,25,Male
EMP415,Employee_415,55,Female
EMP416,Employee_416,41,Non-binary
EMP417,Employee_417,28,Female
EMP418,Employee_418,53,Male
EMP419,Employee_419,58,Female
EMP420,Employee_420,45,Male
EMP421,Employee_421,57,Male
EMP422,Employee_422,24,Male
EMP423,Employee_423,58,Non-binary
EMP424,Employee_424,43,Non-binary
EMP425,Employee_425,26,Female
EMP426,Employee_426,43,Male
EMP427,Employee_427,35,Non-binary
EMP428,Employee_428,54,Female
EMP429,Employee_429,36,Male
EMP430,Employee_430,59,Female
EMP431,Employee_431,22,Female
EMP432,Employee_432,51,Non-binary
EMP433,Employee_433,46,Non-binary
EMP434,Employee_434,28,Male
EMP435,Employee_435,39,Male
EMP436,Employee_436,52,Male
EMP437,Employee_437,48,Male
EMP438,Employee_438,26,Male
EMP439,Employee_439,52,Non-binary
EMP440,Employee_440,25,Non-binary
EMP441,Employee_441,55,Male
EMP442,Employee_442,55,Non-binary
EMP443,Employee_443,47,Male
EMP444,Employee_444,28,Male
EMP445,Employee_445,33,Non-binary
EMP446,Employee_446,58,Non-binary
EMP447,Employee_447,40,Male
EMP448,Employee_448,23,Non-binary
EMP449,Employee_449,35,Non-binary
EMP450,Employee_450,44,Non-binary
EMP451,Employee_451,60,Non-binary
EMP452,Employee_452,25,Male
EMP453,Employee_453,39,Non-binary
EMP454,Employee_454,57,Non-binary
EMP455,Employee_455,48,Non-binary
EMP456,Employee_456,40,Non-binary
EMP457,Employee_457,41,Non-binary
EMP458,Employee_458,48,Non-binary
EMP459,Employee_459,51,Female
EMP460,Employee_460,46,Male
EMP461,Employee_461,24,Non-binary
EMP462,Employee_462,45,Non-binary
EMP463,Employee_463,30,Female
EMP464,Employee_464,49,Female
EMP465,Employee_465,57,Male
EMP466,Employee_466,56,Female
EMP467,Employee_467,47,Non-binary
EMP468,Employee_468,55,Male
EMP469,Employee_469,59,Male
EMP470,Employee_470,30,Non-binary
EMP471,Employee_471,56,Non-binary
EMP472,Employee_472,26,Female
EMP473,Employee_473,47,Female
EMP474,Employee_474,27,Male
EMP475,Employee_475,35,Non-binary
EMP476,Employee_476,58,Female
EMP477,Employee_477,29,Non-binary
EMP478,Employee_478,57,Female
EMP479,Employee_479,47,Non-binary
EMP480,Employee_480,39,Male
EMP481,Employee_481,38,Male
EMP482,Employee_482,30,Non-binary
EMP483,Employee_483,37,Male
EMP484,Employee_484,45,Non-binary
EMP485,Employee_485,32,Male
EMP486,Employee_486,41,Non-binary
EMP487,Employee_487,52,Non-binary
EMP488,Employee_488,28,Male
EMP489,Employee_489,39,Male
EMP490,Employee_490,41,Female
EMP491,Employee_491,32,Female
EMP492,Employee_492,51,Male
EMP493,Employee_493,27,Female
EMP494,Employee_494,55,Female
EMP495,Employee_495,42,Male
EMP496,Employee_496,35,Male
EMP497,Employee_497,51,Male
EMP498,Employee_498,42,Male
EMP499,Employee_499,47,Male
EMP500,Employee_500,43,Female
EMP501,Employee_501,52,Male
EMP502,Employee_502,39,Male
EMP503,Employee_503,22,Non-binary
EMP504,Employee_504,45,Male
EMP505,Employee_505,52,Male
EMP506,Employee_506,53,Non-binary
EMP507,Employee_507,36,Male
EMP508,Employee_508,56,Female
EMP509,Employee_509,33,Male
EMP510,Employee_510,48,Female
EMP511,Employee_511,58,Female
EMP512,Employee_512,52,Non-binary
EMP513,Employee_513,53,Female
EMP514,Employee_514,34,Male
EMP515,Employee_515,50,Male
EMP516,Employee_516,44,Female
EMP517,Employee_517,28,Male
EMP518,Employee_518,34,Female
EMP519,Employee_519,60,Non-binary
EMP520,Employee_520,30,Female
EMP521,Employee_521,30,Non-binary
EMP522,Employee_522,40,Non-binary
EMP523,Employee_523,56,Male
EMP524,Employee_524,46,Male
EMP525,Employee_525,59,Female
EMP526,Employee_526,31,Non-binary
EMP527,Employee_527,40,Male
EMP528,Employee_528,22,Male
EMP529,Employee_529,32,Female
EMP530,Employee_530,27,Non-binary
EMP531,Employee_531,46,Non-binary
EMP532,Employee_532,49,Non-binary
EMP533,Employee_533,25,Male
EMP534,Employee_534,33,Male
EMP535,Employee_535,43,Non-binary
EMP536,Employee_536,37,Non-binary
EMP537,Employee_537,52,Male
EMP538,Employee_538,33,Female
EMP539,Employee_539,27,Female
EMP540,Employee_540,44,Male
EMP541,Employee_541,36,Male
EMP542,Employee_542,50,Female
EMP543,Employee_543,31,Male
EMP544,Employee_544,52,Non-binary
EMP545,Employee_545,26,Non-binary
EMP546,Employee_546,35,Non-binary
EMP547,Employee_547,28,Male
EMP548,Employee_548,38,Non-binary
EMP549,Employee_549,38,Non-binary
EMP550,Employee_550,41,Non-binary
EMP551,Employee_551,36,Non-binary
EMP552,Employee_552,44,Non-binary
EMP553,Employee_553,49,Male
EMP554,Employee_554,40,Male
EMP555,Employee_555,24,Male
EMP556,Employee_556,34,Male
EMP557,Employee_557,53,Non-binary
EMP558,Employee_558,22,Male
EMP559,Employee_559,29,Non-binary
EMP560,Employee_560,43,Female
EMP561,Employee_561,22,Male
EMP562,Employee_562,37,Female
EMP563,Employee_563,57,Male
EMP564,Employee_564,40,Male
EMP565,Employee_565,32,Non-binary
EMP566,Employee_566,39,Non-binary
EMP567,Employee_567,27,Non-binary
EMP568,Employee_568,54,Non-binary
EMP569,Employee_569,52,Male
EMP570,Employee_570,59,Male
EMP571,Employee_571,33,Male
EMP572,Employee_572,27,Male
EMP573,Employee_573,48,Female
EMP574,Employee_574,35,Female
EMP575,Employee_575,38,Female
EMP576,Employee_576,37,Non-binary
EMP577,Employee_577,58,Female
EMP578,Employee_578,32,Female
EMP579,Employee_579,53,Female
EMP580,Employee_580,48,Male
EMP581,Employee_581,27,Female
EMP582,Employee_582,39,Male
EMP583,Employee_583,59,Female
EMP584,Employee_584,31,Female
EMP585,Employee_585,42,Female
EMP586,Employee_586,42,Male
EMP587,Employee_587,47,Female
EMP588,Employee_588,23,Female
EMP589,Employee_589,33,Female
EMP590,Employee_590,23,Male
EMP591,Employee_591,30,Female
EMP592,Employee_592,47,Female
EMP593,Employee_593,56,Non-binary
EMP594,Employee_594,23,Non-binary
EMP595,Employee_595,35,Male
EMP596,Employee_596,42,Male
EMP597,Employee_597,38,Female
EMP598,Employee_598,38,Female
EMP599,Employee_599,35,Female
EMP600,Employee_600,35,Male
