EmployeeID,Name,Age,Gender,Department,JobRole,Salary,HireDate,ExitDate,PerformanceRating
EMP001,Employee_1,30,Non-binary,Engineering,DevOps Engineer,97807,2023-01-15,,4
EMP002,Employee_2,26,Non-binary,Marketing,Marketing Manager,40830,2021-01-09,,4
EMP003,Employee_3,27,Female,Sales,Account Manager,55053,2020-10-19,,3
EMP004,Employee_4,47,Male,Marketing,Content Writer,102224,2022-11-03,2025-02-11,3
EMP005,Employee_5,24,Female,Sales,Account Manager,76801,2023-07-14,,1
EMP006,Employee_6,44,Female,Engineering,QA Engineer,70546,2023-05-12,,2
EMP007,Employee_7,56,Non-binary,HR,HR Specialist,87159,2020-11-27,,2
EMP008,Employee_8,46,Non-binary,Engineering,DevOps Engineer,54951,2021-08-02,,2
EMP009,Employee_9,44,Non-binary,Operations,Operations Manager,73327,2018-06-17,,3
EMP010,Employee_10,47,Female,HR,HR Manager,53616,2021-01-03,2023-05-12,1
EMP011,Employee_11,27,Male,Sales,Sales Representative,44468,2022-11-25,,4
EMP012,Employee_12,23,Non-binary,Marketing,Content Writer,89220,2022-02-09,,5
EMP013,Employee_13,55,Male,Operations,Operations Manager,71360,2019-05-04,,1
EMP014,Employee_14,35,Non-binary,Marketing,Marketing Manager,99354,2019-05-03,,2
EMP015,Employee_15,50,Female,Engineering,Technical Lead,55393,2020-02-17,,3
EMP016,Employee_16,56,Non-binary,HR,HR Specialist,106053,2022-01-10,,2
EMP017,Employee_17,26,Female,Operations,Project Manager,74443,2020-05-25,,3
EMP018,Employee_18,48,Non-binary,Engineering,Technical Lead,61695,2020-05-21,,5
EMP019,Employee_19,37,Female,Operations,Operations Manager,45412,2022-02-22,2025-07-22,5
EMP020,Employee_20,35,Male,Finance,Financial Analyst,92541,2022-01-09,,1
EMP021,Employee_21,30,Female,Marketing,SEO Specialist,95665,2023-09-18,,4
EMP022,Employee_22,57,Non-binary,HR,Recruiter,79540,2019-10-11,,2
EMP023,Employee_23,54,Non-binary,Finance,Financial Analyst,59941,2022-01-30,,5
EMP024,Employee_24,60,Female,Finance,Financial Analyst,61977,2021-03-07,,1
EMP025,Employee_25,53,Non-binary,Operations,Coordinator,45657,2018-04-15,,5
EMP026,Employee_26,36,Male,Operations,Project Manager,79984,2018-09-29,,4
EMP027,Employee_27,33,Male,Finance,Financial Analyst,55645,2019-11-06,,4
EMP028,Employee_28,22,Female,HR,Recruiter,87542,2022-12-16,,2
EMP029,Employee_29,27,Male,Finance,Accountant,43794,2018-02-05,,2
EMP030,Employee_30,23,Female,Operations,Coordinator,69803,2019-07-07,,5
EMP031,Employee_31,39,Non-binary,Operations,Project Manager,77231,2021-05-06,2022-05-30,2
EMP032,Employee_32,52,Female,Marketing,Content Writer,80189,2021-05-09,2025-04-13,1
EMP033,Employee_33,34,Male,HR,HR Manager,88802,2019-01-27,,1
EMP034,Employee_34,28,Female,Engineering,DevOps Engineer,79509,2019-05-29,,3
EMP035,Employee_35,60,Female,Operations,Operations Manager,47983,2018-12-22,,2
EMP036,Employee_36,48,Male,Marketing,SEO Specialist,110116,2021-04-27,,4
EMP037,Employee_37,48,Male,Marketing,Marketing Manager,117693,2023-09-10,,5
EMP038,Employee_38,32,Male,Sales,Sales Representative,104720,2021-05-15,,5
EMP039,Employee_39,35,Non-binary,HR,HR Specialist,86797,2023-05-13,,2
EMP040,Employee_40,38,Non-binary,Engineering,DevOps Engineer,107159,2022-01-29,,4
EMP041,Employee_41,27,Male,Finance,Finance Manager,98667,2021-10-18,,3
EMP042,Employee_42,45,Non-binary,HR,Recruiter,106383,2022-06-27,,3
EMP043,Employee_43,33,Male,HR,HR Specialist,84063,2020-01-18,2023-12-31,5
EMP044,Employee_44,32,Female,HR,HR Manager,92773,2018-08-09,2020-10-24,3
EMP045,Employee_45,31,Non-binary,Operations,Coordinator,82943,2023-01-11,,1
EMP046,Employee_46,22,Female,Operations,Project Manager,98093,2023-11-09,,1
EMP047,Employee_47,60,Female,Finance,Accountant,61057,2022-08-11,,5
EMP048,Employee_48,52,Non-binary,HR,HR Manager,117654,2020-03-27,,3
EMP049,Employee_49,44,Female,Operations,Coordinator,70372,2022-12-23,,3
EMP050,Employee_50,51,Non-binary,Engineering,Software Engineer,68070,2019-08-10,,2
EMP051,Employee_51,58,Male,Finance,Finance Manager,73954,2022-09-24,,2
EMP052,Employee_52,58,Male,Marketing,SEO Specialist,73682,2019-03-05,,4
EMP053,Employee_53,52,Non-binary,HR,Recruiter,77676,2018-08-08,,1
EMP054,Employee_54,25,Male,Engineering,DevOps Engineer,77890,2023-01-01,,4
EMP055,Employee_55,53,Non-binary,HR,HR Specialist,98784,2018-11-23,,4
EMP056,Employee_56,29,Female,Marketing,Marketing Manager,40254,2020-10-22,,4
EMP057,Employee_57,54,Non-binary,Marketing,Content Writer,61178,2021-05-13,2025-02-03,3
EMP058,Employee_58,39,Male,Sales,Account Manager,117664,2021-03-25,,2
EMP059,Employee_59,28,Female,Marketing,SEO Specialist,102706,2019-11-06,,5
EMP060,Employee_60,28,Male,Marketing,SEO Specialist,41958,2022-01-25,,3
EMP061,Employee_61,44,Non-binary,Sales,Account Manager,49818,2018-09-03,,1
EMP062,Employee_62,33,Male,Engineering,Technical Lead,74714,2020-09-25,,4
EMP063,Employee_63,34,Female,Marketing,SEO Specialist,82554,2018-07-23,,5
EMP064,Employee_64,30,Female,Marketing,Content Writer,91302,2021-08-31,2022-11-12,2
EMP065,Employee_65,55,Non-binary,Engineering,Software Engineer,66171,2022-06-17,,5
EMP066,Employee_66,29,Male,Operations,Project Manager,119003,2022-03-12,,4
EMP067,Employee_67,54,Male,Marketing,Marketing Manager,88761,2020-08-08,,1
EMP068,Employee_68,38,Female,HR,HR Manager,97320,2021-07-10,,3
EMP069,Employee_69,47,Female,Sales,Sales Executive,92397,2022-02-14,2025-10-05,5
EMP070,Employee_70,29,Male,Marketing,Marketing Manager,64641,2023-09-15,,4
EMP071,Employee_71,59,Female,Finance,Financial Analyst,108572,2019-07-05,,4
EMP072,Employee_72,55,Non-binary,Sales,Account Manager,68487,2019-02-20,,3
EMP073,Employee_73,54,Non-binary,Sales,Sales Executive,118490,2018-06-10,,4
EMP074,Employee_74,41,Non-binary,Marketing,SEO Specialist,43480,2023-02-20,,2
EMP075,Employee_75,29,Male,Finance,Financial Analyst,101724,2019-09-14,,3
EMP076,Employee_76,50,Non-binary,Sales,Account Manager,92377,2022-12-07,,4
EMP077,Employee_77,45,Non-binary,Operations,Operations Manager,57728,2021-12-25,,3
EMP078,Employee_78,39,Female,HR,HR Specialist,54523,2021-03-08,,2
EMP079,Employee_79,48,Female,Operations,Coordinator,76317,2023-09-15,,5
EMP080,Employee_80,31,Non-binary,Marketing,SEO Specialist,103226,2020-01-07,,4
EMP081,Employee_81,49,Non-binary,Engineering,Software Engineer,109526,2022-03-18,,1
EMP082,Employee_82,57,Non-binary,Finance,Finance Manager,62526,2020-12-05,,5
EMP083,Employee_83,58,Non-binary,Operations,Project Manager,57638,2019-12-22,,5
EMP084,Employee_84,50,Non-binary,Marketing,Content Writer,47336,2019-03-18,2020-05-08,2
EMP085,Employee_85,27,Male,Operations,Coordinator,104594,2021-12-23,,4
EMP086,Employee_86,37,Female,Sales,Sales Executive,46411,2018-12-08,2020-12-26,1
EMP087,Employee_87,48,Female,Operations,Coordinator,86371,2023-09-26,,2
EMP088,Employee_88,33,Non-binary,Operations,Coordinator,68069,2021-06-14,,5
EMP089,Employee_89,55,Non-binary,Finance,Finance Manager,80286,2019-12-31,,4
EMP090,Employee_90,34,Male,HR,HR Manager,118021,2023-07-04,,5
EMP091,Employee_91,32,Non-binary,Finance,Financial Analyst,47356,2022-07-29,,5
EMP092,Employee_92,30,Female,Operations,Project Manager,100568,2023-05-25,,1
EMP093,Employee_93,51,Male,HR,Recruiter,101807,2020-01-04,,5
EMP094,Employee_94,54,Non-binary,Engineering,DevOps Engineer,103684,2022-11-13,,1
EMP095,Employee_95,50,Non-binary,Operations,Coordinator,77392,2019-10-24,,5
EMP096,Employee_96,28,Female,Sales,Sales Executive,100784,2023-10-13,,5
EMP097,Employee_97,58,Non-binary,Operations,Operations Manager,42528,2021-05-08,2021-11-13,4
EMP098,Employee_98,53,Female,Operations,Project Manager,68045,2021-09-04,2022-08-02,5
EMP099,Employee_99,24,Male,Marketing,Marketing Manager,103223,2022-11-24,,5
EMP100,Employee_100,49,Male,Operations,Operations Manager,71569,2023-04-02,,1
EMP101,Employee_101,47,Male,Sales,Sales Representative,104199,2021-08-17,,3
EMP102,Employee_102,27,Non-binary,HR,HR Specialist,105756,2023-05-14,,4
EMP103,Employee_103,27,Female,Finance,Financial Analyst,105979,2019-05-13,,4
EMP104,Employee_104,33,Male,Finance,Finance Manager,75164,2018-11-12,2020-09-07,3
EMP105,Employee_105,48,Female,Engineering,DevOps Engineer,68663,2020-10-06,,4
EMP106,Employee_106,24,Male,Operations,Coordinator,43706,2018-01-31,2019-08-05,1
EMP107,Employee_107,41,Non-binary,Operations,Coordinator,109387,2019-10-20,,2
EMP108,Employee_108,31,Non-binary,Sales,Account Manager,50764,2023-08-02,,1
EMP109,Employee_109,42,Female,HR,Recruiter,84303,2023-07-05,,2
EMP110,Employee_110,36,Male,Finance,Accountant,51024,2018-07-19,2020-11-06,4
EMP111,Employee_111,41,Male,Engineering,QA Engineer,83078,2019-08-22,,3
EMP112,Employee_112,26,Non-binary,Engineering,Software Engineer,76311,2023-11-21,,5
EMP113,Employee_113,40,Non-binary,Operations,Operations Manager,78611,2021-06-25,,5
EMP114,Employee_114,53,Male,Finance,Financial Analyst,84227,2018-02-16,,2
EMP115,Employee_115,46,Male,Marketing,Content Writer,82277,2020-08-13,,4
EMP116,Employee_116,37,Female,Operations,Coordinator,92676,2019-02-01,,3
EMP117,Employee_117,36,Female,Marketing,Marketing Manager,55604,2021-06-02,,1
EMP118,Employee_118,22,Male,Finance,Financial Analyst,91359,2018-10-27,,2
EMP119,Employee_119,45,Male,Marketing,SEO Specialist,49045,2023-10-23,,1
EMP120,Employee_120,32,Female,Sales,Sales Executive,106291,2023-10-16,,1
EMP121,Employee_121,48,Female,Sales,Sales Executive,86831,2019-05-10,,4
EMP122,Employee_122,49,Non-binary,HR,HR Specialist,46035,2023-06-20,,4
EMP123,Employee_123,51,Male,Marketing,SEO Specialist,52084,2021-10-11,2024-01-19,1
EMP124,Employee_124,60,Female,Engineering,Software Engineer,109715,2019-04-30,,3
EMP125,Employee_125,52,Male,Marketing,Content Writer,65303,2021-02-19,,3
EMP126,Employee_126,36,Male,Operations,Operations Manager,76094,2023-07-05,,2
EMP127,Employee_127,50,Female,Finance,Accountant,84279,2023-12-30,,4
EMP128,Employee_128,24,Female,Marketing,SEO Specialist,83017,2018-03-13,2021-08-05,2
EMP129,Employee_129,48,Non-binary,Sales,Sales Representative,85206,2018-02-24,,5
EMP130,Employee_130,44,Non-binary,Finance,Finance Manager,84220,2023-03-18,2024-03-15,3
EMP131,Employee_131,43,Non-binary,HR,HR Specialist,59622,2020-11-18,,3
EMP132,Employee_132,29,Male,Marketing,SEO Specialist,94706,2019-05-24,,3
EMP133,Employee_133,48,Female,Engineering,QA Engineer,110346,2023-01-01,,1
EMP134,Employee_134,22,Non-binary,Engineering,QA Engineer,70123,2018-05-19,,1
EMP135,Employee_135,48,Female,HR,HR Specialist,78996,2018-09-17,,3
EMP136,Employee_136,60,Non-binary,Engineering,Software Engineer,93206,2023-03-01,,1
EMP137,Employee_137,49,Non-binary,HR,HR Manager,74954,2019-09-17,,3
EMP138,Employee_138,40,Male,Sales,Sales Executive,89453,2019-03-05,,3
EMP139,Employee_139,29,Female,HR,Recruiter,62786,2023-06-02,,5
EMP140,Employee_140,36,Female,Sales,Sales Executive,109337,2018-12-24,,2
EMP141,Employee_141,51,Non-binary,Marketing,SEO Specialist,91059,2019-12-28,,3
EMP142,Employee_142,22,Female,Finance,Financial Analyst,65323,2019-11-03,,4
EMP143,Employee_143,56,Male,Operations,Coordinator,74210,2021-09-15,2023-06-05,5
EMP144,Employee_144,28,Male,HR,Recruiter,42873,2023-08-06,,1
EMP145,Employee_145,40,Male,HR,HR Specialist,82622,2018-07-10,,5
EMP146,Employee_146,28,Male,Marketing,Content Writer,79185,2020-12-03,,4
EMP147,Employee_147,28,Non-binary,Operations,Project Manager,116349,2020-12-20,2021-08-10,2
EMP148,Employee_148,57,Non-binary,Sales,Sales Representative,111161,2023-06-20,2023-11-30,5
EMP149,Employee_149,34,Non-binary,Sales,Sales Executive,89897,2022-01-02,,5
EMP150,Employee_150,50,Male,Operations,Coordinator,84267,2018-03-28,,4
EMP151,Employee_151,28,Male,Operations,Project Manager,93966,2021-01-05,,2
EMP152,Employee_152,50,Non-binary,Finance,Accountant,115179,2019-10-03,2021-03-27,1
EMP153,Employee_153,45,Female,Finance,Accountant,79792,2019-12-12,,4
EMP154,Employee_154,35,Non-binary,HR,Recruiter,89277,2020-07-27,,1
EMP155,Employee_155,55,Male,Sales,Sales Representative,93475,2023-08-17,,2
EMP156,Employee_156,22,Female,Operations,Project Manager,69386,2018-02-01,,2
EMP157,Employee_157,39,Non-binary,Engineering,DevOps Engineer,76921,2022-10-22,2025-10-01,1
EMP158,Employee_158,49,Male,Operations,Project Manager,95789,2018-03-15,,2
EMP159,Employee_159,43,Female,Operations,Operations Manager,84283,2020-01-12,2021-02-08,5
EMP160,Employee_160,55,Male,Marketing,SEO Specialist,82051,2018-05-11,,1
EMP161,Employee_161,51,Female,Operations,Operations Manager,64789,2023-09-24,2024-10-16,5
EMP162,Employee_162,27,Male,Marketing,Content Writer,69652,2019-08-18,,4
EMP163,Employee_163,41,Female,HR,HR Manager,51982,2018-04-13,,5
EMP164,Employee_164,46,Female,Finance,Accountant,116757,2023-08-15,,5
EMP165,Employee_165,29,Female,Operations,Project Manager,100474,2021-01-24,,3
EMP166,Employee_166,44,Male,Engineering,Software Engineer,56997,2022-08-05,,1
EMP167,Employee_167,29,Female,Finance,Finance Manager,49149,2020-04-03,,1
EMP168,Employee_168,58,Female,Sales,Sales Representative,118895,2023-03-21,2024-01-09,1
EMP169,Employee_169,54,Female,Sales,Sales Executive,68236,2022-08-30,,2
EMP170,Employee_170,32,Female,Engineering,Software Engineer,112950,2023-06-04,2025-02-14,2
EMP171,Employee_171,22,Female,HR,HR Manager,107667,2018-05-16,2022-01-03,2
EMP172,Employee_172,46,Male,Sales,Account Manager,92457,2018-02-27,,1
EMP173,Employee_173,40,Non-binary,Engineering,DevOps Engineer,105296,2019-10-28,2023-08-05,1
EMP174,Employee_174,26,Non-binary,Marketing,SEO Specialist,52101,2018-09-22,,3
EMP175,Employee_175,41,Female,Engineering,Software Engineer,54608,2021-12-18,,5
EMP176,Employee_176,28,Male,Marketing,Content Writer,48128,2022-07-16,,5
EMP177,Employee_177,33,Male,Operations,Coordinator,72797,2021-04-08,,3
EMP178,Employee_178,57,Male,Engineering,QA Engineer,93393,2020-09-17,,1
EMP179,Employee_179,33,Non-binary,Sales,Account Manager,86509,2019-05-19,,4
EMP180,Employee_180,28,Male,Finance,Finance Manager,117036,2019-08-25,,4
EMP181,Employee_181,23,Non-binary,Engineering,QA Engineer,54343,2023-03-04,,3
EMP182,Employee_182,40,Female,Operations,Coordinator,64722,2021-08-08,,4
EMP183,Employee_183,24,Non-binary,Engineering,Technical Lead,82355,2020-01-24,,2
EMP184,Employee_184,35,Male,Sales,Account Manager,56779,2021-11-11,,5
EMP185,Employee_185,57,Female,Marketing,Content Writer,50148,2021-07-22,,2
EMP186,Employee_186,53,Non-binary,Engineering,DevOps Engineer,46481,2018-09-05,,5
EMP187,Employee_187,44,Male,Finance,Finance Manager,58794,2018-05-19,,4
EMP188,Employee_188,36,Female,HR,HR Specialist,66912,2019-10-26,2022-08-09,2
EMP189,Employee_189,30,Male,Operations,Operations Manager,92323,2018-03-10,,1
EMP190,Employee_190,38,Female,Operations,Operations Manager,97585,2022-07-16,,4
EMP191,Employee_191,54,Female,Finance,Finance Manager,100080,2021-10-01,,3
EMP192,Employee_192,51,Non-binary,Engineering,DevOps Engineer,87119,2018-09-08,,2
EMP193,Employee_193,52,Non-binary,Engineering,DevOps Engineer,76484,2023-08-18,,3
EMP194,Employee_194,56,Female,Sales,Account Manager,101982,2023-03-29,,1
EMP195,Employee_195,39,Female,Marketing,Content Writer,111945,2019-06-02,,3
EMP196,Employee_196,48,Non-binary,Finance,Finance Manager,56520,2018-11-20,,1
EMP197,Employee_197,44,Female,Operations,Project Manager,66861,2019-03-27,2023-03-25,1
EMP198,Employee_198,46,Female,Engineering,QA Engineer,85487,2021-11-03,,2
EMP199,Employee_199,43,Non-binary,Sales,Sales Representative,43211,2023-05-06,,4
EMP200,Employee_200,53,Female,Operations,Operations Manager,88206,2022-09-01,,2
EMP201,Employee_201,31,Male,Sales,Sales Executive,77661,2021-09-04,2024-03-27,2
EMP202,Employee_202,39,Non-binary,Engineering,Technical Lead,90353,2022-06-22,,1
EMP203,Employee_203,48,Non-binary,Operations,Project Manager,48677,2022-09-16,,2
EMP204,Employee_204,58,Male,Finance,Accountant,64348,2021-02-02,,4
EMP205,Employee_205,23,Non-binary,Operations,Operations Manager,61377,2018-01-03,,3
EMP206,Employee_206,55,Female,Marketing,Marketing Manager,76028,2021-07-03,,3
EMP207,Employee_207,44,Non-binary,Engineering,DevOps Engineer,58817,2018-08-04,,3
EMP208,Employee_208,25,Non-binary,Marketing,SEO Specialist,70484,2022-09-26,2024-01-13,1
EMP209,Employee_209,34,Non-binary,Finance,Finance Manager,57285,2019-05-03,,4
EMP210,Employee_210,29,Non-binary,Sales,Account Manager,65020,2019-05-25,,3
EMP211,Employee_211,38,Female,Sales,Account Manager,87408,2019-05-27,2023-03-10,4
EMP212,Employee_212,44,Male,Finance,Accountant,111575,2023-06-02,,3
EMP213,Employee_213,38,Male,Finance,Accountant,86690,2019-06-17,,2
EMP214,Employee_214,55,Male,Sales,Account Manager,80965,2023-05-18,,2
EMP215,Employee_215,26,Female,Finance,Finance Manager,108884,2022-09-17,,3
EMP216,Employee_216,46,Male,Sales,Sales Executive,56025,2019-06-15,,2
EMP217,Employee_217,31,Male,Finance,Finance Manager,51029,2018-04-28,,3
EMP218,Employee_218,43,Male,Finance,Financial Analyst,99595,2022-02-03,,5
EMP219,Employee_219,50,Female,Operations,Operations Manager,109293,2019-09-10,,4
EMP220,Employee_220,33,Non-binary,Engineering,QA Engineer,65720,2022-09-04,,5
EMP221,Employee_221,54,Male,Operations,Coordinator,118733,2020-04-20,2023-09-02,1
EMP222,Employee_222,26,Female,Marketing,SEO Specialist,101336,2018-07-22,,1
EMP223,Employee_223,37,Female,Marketing,Content Writer,100770,2020-10-17,2021-03-31,4
EMP224,Employee_224,28,Female,Finance,Accountant,64578,2018-11-10,,3
EMP225,Employee_225,36,Female,Operations,Coordinator,104297,2020-04-07,,5
EMP226,Employee_226,56,Non-binary,Engineering,QA Engineer,69374,2019-02-03,2019-06-13,5
EMP227,Employee_227,59,Non-binary,HR,Recruiter,93850,2023-05-01,2026-01-05,3
EMP228,Employee_228,39,Male,Marketing,SEO Specialist,88852,2020-12-02,,2
EMP229,Employee_229,55,Non-binary,Operations,Operations Manager,79537,2021-04-03,,3
EMP230,Employee_230,56,Non-binary,Marketing,SEO Specialist,81522,2020-05-13,2022-10-04,1
EMP231,Employee_231,52,Female,HR,HR Manager,104040,2021-05-08,2022-06-01,2
EMP232,Employee_232,32,Female,Finance,Accountant,40640,2018-02-02,,4
EMP233,Employee_233,40,Female,Sales,Account Manager,93134,2019-02-10,,4
EMP234,Employee_234,37,Female,HR,HR Specialist,64535,2020-03-07,,4
EMP235,Employee_235,47,Non-binary,Marketing,SEO Specialist,99776,2018-01-05,,5
EMP236,Employee_236,48,Female,Operations,Operations Manager,104891,2019-11-08,,1
EMP237,Employee_237,30,Non-binary,Sales,Sales Executive,86804,2019-01-26,,1
EMP238,Employee_238,31,Male,Finance,Financial Analyst,99994,2019-12-19,,2
EMP239,Employee_239,52,Female,Engineering,Software Engineer,47107,2019-01-15,,5
EMP240,Employee_240,46,Male,Sales,Sales Representative,82874,2023-03-07,,4
EMP241,Employee_241,42,Non-binary,Marketing,Content Writer,55449,2019-01-28,,1
EMP242,Employee_242,51,Male,Finance,Finance Manager,109300,2019-07-19,,4
EMP243,Employee_243,43,Female,HR,HR Specialist,100440,2018-09-07,,1
EMP244,Employee_244,54,Male,Engineering,DevOps Engineer,65989,2023-10-18,,3
EMP245,Employee_245,56,Non-binary,Sales,Account Manager,53371,2018-04-09,,2
EMP246,Employee_246,44,Female,Finance,Financial Analyst,88241,2021-04-01,,3
EMP247,Employee_247,23,Female,Finance,Accountant,64202,2022-07-12,,2
EMP248,Employee_248,48,Male,Marketing,Content Writer,68318,2020-08-12,,3
EMP249,Employee_249,32,Female,Engineering,DevOps Engineer,63350,2020-01-26,2020-05-27,5
EMP250,Employee_250,57,Female,Operations,Coordinator,81912,2018-10-14,,3
EMP251,Employee_251,42,Non-binary,Operations,Coordinator,44498,2020-07-15,,3
EMP252,Employee_252,56,Non-binary,Sales,Sales Representative,50086,2019-01-13,,5
EMP253,Employee_253,24,Female,Operations,Operations Manager,56933,2018-05-28,,5
EMP254,Employee_254,50,Female,Marketing,Marketing Manager,103565,2021-11-28,,4
EMP255,Employee_255,31,Female,Finance,Financial Analyst,59088,2019-04-27,2020-11-11,3
EMP256,Employee_256,43,Non-binary,Marketing,SEO Specialist,116129,2022-07-11,2022-08-13,2
EMP257,Employee_257,57,Male,HR,HR Manager,47819,2021-04-12,,5
EMP258,Employee_258,43,Female,Operations,Coordinator,81001,2022-05-02,,5
EMP259,Employee_259,53,Male,Operations,Operations Manager,43934,2021-03-05,,3
EMP260,Employee_260,34,Non-binary,Finance,Financial Analyst,64356,2021-04-06,,1
EMP261,Employee_261,57,Male,Finance,Finance Manager,96294,2018-05-27,2019-11-30,3
EMP262,Employee_262,60,Male,Operations,Project Manager,89985,2021-05-02,,3
EMP263,Employee_263,47,Non-binary,Sales,Account Manager,115667,2019-04-17,,3
EMP264,Employee_264,33,Non-binary,Sales,Account Manager,115877,2023-10-10,,2
EMP265,Employee_265,30,Female,Operations,Operations Manager,66142,2020-03-23,2023-11-14,5
EMP266,Employee_266,31,Female,Sales,Sales Representative,76488,2023-03-15,,1
EMP267,Employee_267,45,Female,Finance,Accountant,69481,2020-08-06,,5
EMP268,Employee_268,44,Male,HR,HR Manager,62832,2021-02-16,,1
EMP269,Employee_269,38,Non-binary,HR,Recruiter,44913,2020-02-08,2023-06-27,3
EMP270,Employee_270,52,Female,HR,HR Manager,65246,2023-01-20,,2
EMP271,Employee_271,29,Male,Finance,Finance Manager,111648,2023-10-21,,1
EMP272,Employee_272,36,Non-binary,HR,Recruiter,73691,2020-11-27,,5
EMP273,Employee_273,37,Male,Engineering,Technical Lead,94559,2018-11-17,,4
EMP274,Employee_274,45,Non-binary,Finance,Financial Analyst,82397,2023-05-15,,1
EMP275,Employee_275,58,Non-binary,Engineering,QA Engineer,92060,2023-11-12,,4
EMP276,Employee_276,31,Male,Engineering,Software Engineer,92089,2020-12-28,2024-11-14,2
EMP277,Employee_277,23,Male,Marketing,SEO Specialist,95392,2023-08-26,,5
EMP278,Employee_278,50,Non-binary,Finance,Financial Analyst,85892,2020-08-31,,3
EMP279,Employee_279,41,Non-binary,Engineering,Technical Lead,78029,2020-09-07,,1
EMP280,Employee_280,32,Male,Marketing,Marketing Manager,84641,2021-10-02,2022-12-05,4
EMP281,Employee_281,42,Non-binary,Marketing,Content Writer,85471,2020-06-11,,3
EMP282,Employee_282,57,Male,Finance,Finance Manager,89270,2023-01-27,,1
EMP283,Employee_283,38,Non-binary,Operations,Project Manager,66694,2018-03-04,2021-07-22,4
EMP284,Employee_284,52,Male,Engineering,QA Engineer,78184,2019-12-06,,3
EMP285,Employee_285,32,Female,Sales,Account Manager,94083,2022-02-03,,3
EMP286,Employee_286,25,Male,Marketing,Content Writer,55631,2019-05-24,2022-07-11,3
EMP287,Employee_287,42,Male,Finance,Accountant,80461,2020-09-12,,2
EMP288,Employee_288,27,Female,HR,HR Specialist,105773,2021-06-24,2023-01-18,5
EMP289,Employee_289,56,Female,Operations,Coordinator,77444,2023-08-09,,3
EMP290,Employee_290,55,Male,Marketing,Content Writer,83742,2020-03-03,,4
EMP291,Employee_291,52,Non-binary,Finance,Finance Manager,119812,2018-12-25,,3
EMP292,Employee_292,44,Female,Sales,Account Manager,64390,2018-05-29,,3
EMP293,Employee_293,42,Female,Finance,Financial Analyst,105392,2018-05-28,,2
EMP294,Employee_294,49,Non-binary,Operations,Coordinator,55929,2018-12-10,,5
EMP295,Employee_295,52,Non-binary,Finance,Finance Manager,63658,2023-05-25,,4
EMP296,Employee_296,35,Male,Sales,Sales Executive,93438,2023-03-06,,4
EMP297,Employee_297,48,Non-binary,HR,HR Manager,60017,2018-08-07,,3
EMP298,Employee_298,58,Male,Operations,Project Manager,100232,2020-07-08,2021-05-03,1
EMP299,Employee_299,27,Non-binary,Engineering,Technical Lead,41059,2023-08-12,,3
EMP300,Employee_300,57,Non-binary,Engineering,DevOps Engineer,83416,2020-09-16,,2
EMP301,Employee_301,22,Non-binary,HR,Recruiter,80481,2022-10-23,,2
EMP302,Employee_302,38,Non-binary,Engineering,QA Engineer,71632,2020-11-19,,3
EMP303,Employee_303,40,Male,Operations,Coordinator,60374,2022-12-30,,4
EMP304,Employee_304,59,Non-binary,Engineering,Technical Lead,69862,2018-03-05,,2
EMP305,Employee_305,26,Male,Marketing,Marketing Manager,104233,2021-01-30,,5
EMP306,Employee_306,59,Male,Operations,Project Manager,51804,2021-12-03,,1
EMP307,Employee_307,60,Male,Engineering,DevOps Engineer,83301,2020-06-17,,3
EMP308,Employee_308,22,Non-binary,HR,HR Specialist,45909,2019-03-20,,4
EMP309,Employee_309,42,Female,Marketing,Content Writer,73448,2021-05-20,,3
EMP310,Employee_310,43,Female,Engineering,Software Engineer,73420,2018-05-19,,5
EMP311,Employee_311,54,Male,Finance,Financial Analyst,78888,2021-09-23,,5
EMP312,Employee_312,58,Non-binary,Operations,Project Manager,103071,2021-10-14,,1
EMP313,Employee_313,33,Female,Sales,Account Manager,94026,2018-04-05,,2
EMP314,Employee_314,31,Non-binary,HR,HR Specialist,92870,2018-04-24,,5
EMP315,Employee_315,54,Male,Engineering,QA Engineer,64366,2020-03-22,2020-06-05,4
EMP316,Employee_316,27,Male,Engineering,QA Engineer,73243,2023-07-23,,4
EMP317,Employee_317,27,Male,Engineering,Software Engineer,63533,2018-12-15,,4
EMP318,Employee_318,26,Female,Operations,Operations Manager,66163,2023-05-09,,5
EMP319,Employee_319,30,Male,Engineering,Technical Lead,93906,2019-07-23,,3
EMP320,Employee_320,53,Male,Marketing,Marketing Manager,43184,2023-09-19,,4
EMP321,Employee_321,35,Non-binary,HR,HR Manager,87861,2019-07-22,2022-08-31,1
EMP322,Employee_322,58,Non-binary,Sales,Sales Representative,88834,2020-04-29,,2
EMP323,Employee_323,28,Male,Marketing,Marketing Manager,119249,2021-12-22,,5
EMP324,Employee_324,50,Male,Operations,Coordinator,103750,2022-08-24,,4
EMP325,Employee_325,45,Non-binary,HR,Recruiter,72576,2021-08-13,,2
EMP326,Employee_326,23,Non-binary,HR,Recruiter,118191,2018-10-31,,2
EMP327,Employee_327,26,Male,Finance,Accountant,112241,2022-05-27,,1
EMP328,Employee_328,43,Male,Engineering,Software Engineer,105149,2019-06-21,,4
EMP329,Employee_329,45,Female,Sales,Sales Executive,112221,2023-01-06,,1
EMP330,Employee_330,33,Non-binary,Marketing,SEO Specialist,50074,2021-04-27,2024-11-04,3
EMP331,Employee_331,42,Male,HR,HR Specialist,81743,2018-01-09,,4
EMP332,Employee_332,30,Non-binary,Sales,Sales Representative,94218,2023-02-03,,4
EMP333,Employee_333,27,Non-binary,Sales,Sales Representative,45223,2018-07-16,,1
EMP334,Employee_334,24,Male,HR,HR Specialist,78894,2019-04-09,2019-12-26,3
EMP335,Employee_335,55,Female,Operations,Coordinator,56086,2022-08-13,,1
EMP336,Employee_336,59,Non-binary,Marketing,Marketing Manager,68648,2019-06-12,2020-03-01,4
EMP337,Employee_337,25,Female,Engineering,QA Engineer,90465,2021-11-06,2022-07-06,5
EMP338,Employee_338,58,Female,Operations,Operations Manager,87387,2018-01-19,,3
EMP339,Employee_339,22,Male,Finance,Finance Manager,63548,2023-12-22,,5
EMP340,Employee_340,41,Male,HR,Recruiter,95836,2022-11-01,,5
EMP341,Employee_341,25,Female,Operations,Coordinator,44307,2022-09-07,,4
EMP342,Employee_342,23,Male,HR,HR Manager,83807,2022-10-04,,2
EMP343,Employee_343,26,Male,Marketing,Content Writer,83243,2021-06-15,,4
EMP344,Employee_344,45,Male,Finance,Accountant,64785,2021-03-07,,4
EMP345,Employee_345,50,Male,Engineering,Software Engineer,60557,2018-12-21,,4
EMP346,Employee_346,54,Female,Sales,Sales Representative,53374,2023-06-11,2023-08-31,2
EMP347,Employee_347,57,Female,Operations,Operations Manager,64551,2023-06-05,2024-05-06,1
EMP348,Employee_348,46,Non-binary,HR,HR Specialist,74755,2019-12-25,,4
EMP349,Employee_349,51,Female,Finance,Financial Analyst,104855,2023-03-19,,5
EMP350,Employee_350,32,Non-binary,Marketing,Marketing Manager,118736,2022-10-21,,4
EMP351,Employee_351,58,Female,Finance,Financial Analyst,98772,2023-07-09,,4
EMP352,Employee_352,40,Non-binary,Engineering,QA Engineer,62948,2020-12-12,,1
EMP353,Employee_353,53,Female,HR,Recruiter,68320,2018-10-05,,3
EMP354,Employee_354,49,Non-binary,Sales,Account Manager,47395,2020-06-20,,1
EMP355,Employee_355,48,Non-binary,Finance,Finance Manager,91333,2018-04-16,,3
EMP356,Employee_356,36,Male,HR,HR Specialist,84524,2019-05-02,2019-07-02,5
EMP357,Employee_357,24,Female,HR,HR Specialist,78033,2018-04-03,,5
EMP358,Employee_358,46,Male,Finance,Accountant,43152,2020-11-14,,2
EMP359,Employee_359,26,Male,Operations,Coordinator,75893,2020-11-09,,2
EMP360,Employee_360,57,Male,Sales,Account Manager,72750,2020-06-29,2022-07-17,1
EMP361,Employee_361,34,Female,Operations,Project Manager,97009,2023-10-14,,4
EMP362,Employee_362,57,Female,HR,Recruiter,110603,2020-02-13,,5
EMP363,Employee_363,23,Non-binary,Sales,Sales Executive,72708,2022-08-23,,4
EMP364,Employee_364,43,Female,Engineering,QA Engineer,82255,2023-09-14,,4
EMP365,Employee_365,22,Male,HR,HR Manager,112885,2021-01-10,,4
EMP366,Employee_366,60,Non-binary,Marketing,Content Writer,103825,2018-12-28,,5
EMP367,Employee_367,53,Female,Engineering,QA Engineer,57631,2022-11-14,,1
EMP368,Employee_368,51,Non-binary,HR,HR Manager,68946,2023-03-11,,4
EMP369,Employee_369,34,Non-binary,HR,HR Specialist,54789,2018-08-29,,2
EMP370,Employee_370,43,Female,Sales,Account Manager,115440,2022-11-06,2024-02-01,2
EMP371,Employee_371,50,Non-binary,Engineering,Software Engineer,92710,2023-02-24,,2
EMP372,Employee_372,56,Male,Operations,Coordinator,91881,2020-08-08,2022-04-28,5
EMP373,Employee_373,24,Female,HR,Recruiter,96017,2022-04-25,,3
EMP374,Employee_374,59,Non-binary,Engineering,Software Engineer,71960,2019-01-18,,2
EMP375,Employee_375,48,Male,HR,HR Manager,115584,2023-01-01,,2
EMP376,Employee_376,35,Male,Marketing,SEO Specialist,60321,2021-09-29,2024-08-28,3
EMP377,Employee_377,28,Female,Sales,Account Manager,69897,2023-05-19,,5
EMP378,Employee_378,45,Female,Sales,Sales Executive,55774,2022-11-11,,1
EMP379,Employee_379,54,Non-binary,Finance,Accountant,78993,2023-08-01,,3
EMP380,Employee_380,31,Female,Finance,Accountant,75953,2021-06-19,,2
EMP381,Employee_381,56,Female,Finance,Financial Analyst,110099,2018-01-17,,1
EMP382,Employee_382,33,Non-binary,HR,HR Specialist,119467,2023-08-20,,4
EMP383,Employee_383,40,Male,Operations,Coordinator,53955,2020-07-05,,3
EMP384,Employee_384,39,Male,HR,Recruiter,50710,2023-04-30,,3
EMP385,Employee_385,33,Female,Finance,Financial Analyst,57564,2020-08-05,,4
EMP386,Employee_386,54,Male,Finance,Financial Analyst,68414,2018-11-11,,3
EMP387,Employee_387,46,Female,Engineering,DevOps Engineer,55919,2023-06-30,,5
EMP388,Employee_388,45,Non-binary,Engineering,QA Engineer,55785,2020-12-13,,4
EMP389,Employee_389,50,Male,Engineering,DevOps Engineer,78973,2022-02-10,,2
EMP390,Employee_390,33,Male,Sales,Sales Representative,71438,2022-04-27,,2
EMP391,Employee_391,38,Male,Finance,Finance Manager,109606,2019-05-29,2020-02-04,5
EMP392,Employee_392,44,Female,Sales,Sales Representative,84741,2019-09-25,,1
EMP393,Employee_393,35,Female,Operations,Operations Manager,118490,2023-10-23,,5
EMP394,Employee_394,29,Male,HR,HR Manager,51704,2020-05-07,,4
EMP395,Employee_395,54,Female,Engineering,DevOps Engineer,79865,2021-07-15,2023-02-21,3
EMP396,Employee_396,29,Female,Operations,Operations Manager,114344,2020-11-07,2022-07-03,4
EMP397,Employee_397,53,Female,Operations,Coordinator,65508,2018-04-11,,1
EMP398,Employee_398,37,Female,Sales,Sales Representative,110840,2018-04-08,,4
EMP399,Employee_399,37,Male,Finance,Accountant,116958,2021-12-26,2023-03-25,5
EMP400,Employee_400,23,Female,HR,HR Specialist,93610,2021-04-26,2022-09-15,3
EMP401,Employee_401,24,Male,Operations,Coordinator,74044,2019-03-23,,3
EMP402,Employee_402,45,Non-binary,Operations,Project Manager,57457,2022-02-04,,2
EMP403,Employee_403,44,Male,Finance,Financial Analyst,43454,2023-03-28,,1
EMP404,Employee_404,23,Non-binary,HR,HR Manager,93147,2019-07-05,,2
EMP405,Employee_405,54,Non-binary,Sales,Account Manager,67865,2023-11-06,,3
EMP406,Employee_406,55,Male,Sales,Sales Executive,79571,2021-12-13,,3
EMP407,Employee_407,36,Male,HR,HR Specialist,112067,2018-02-07,,1
EMP408,Employee_408,57,Non-binary,Sales,Sales Executive,54984,2018-04-19,2018-07-12,4
EMP409,Employee_409,26,Non-binary,Marketing,Marketing Manager,73026,2019-09-22,,3
EMP410,Employee_410,45,Female,HR,HR Manager,77179,2018-12-31,,4
EMP411,Employee_411,39,Female,Engineering,QA Engineer,57069,2018-10-02,,2
EMP412,Employee_412,34,Non-binary,Finance,Financial Analyst,67671,2018-10-18,,5
EMP413,Employee_413,51,Non-binary,Engineering,Software Engineer,62872,2022-03-24,,5
EMP414,Employee_414,25,Male,Sales,Sales Representative,107723,2021-08-07,,1
EMP415,Employee_415,55,Female,Sales,Sales Executive,116775,2020-10-21,2022-01-07,3
EMP416,Employee_416,41,Non-binary,HR,Recruiter,68927,2020-11-30,,3
EMP417,Employee_417,28,Female,Finance,Accountant,76481,2019-02-24,,1
EMP418,Employee_418,53,Male,Operations,Operations Manager,71029,2019-05-12,,5
EMP419,Employee_419,58,Female,HR,HR Manager,101404,2020-09-27,,4
EMP420,Employee_420,45,Male,Engineering,Technical Lead,78202,2022-12-07,,2
EMP421,Employee_421,57,Male,Finance,Finance Manager,98613,2020-05-13,,5
EMP422,Employee_422,24,Male,Sales,Sales Representative,51752,2020-06-23,,1
EMP423,Employee_423,58,Non-binary,HR,HR Manager,80941,2022-02-05,2023-05-04,1
EMP424,Employee_424,43,Non-binary,Marketing,Content Writer,103026,2023-10-04,,3
EMP425,Employee_425,26,Female,Finance,Finance Manager,62885,2018-04-10,,1
EMP426,Employee_426,43,Male,Engineering,Technical Lead,53287,2021-04-15,,1
EMP427,Employee_427,35,Non-binary,Finance,Finance Manager,49110,2020-11-30,,5
EMP428,Employee_428,54,Female,Engineering,DevOps Engineer,77399,2019-11-20,,5
EMP429,Employee_429,36,Male,Engineering,QA Engineer,90469,2021-09-27,,4
EMP430,Employee_430,59,Female,Sales,Account Manager,108968,2023-11-26,,5
EMP431,Employee_431,22,Female,HR,HR Manager,114178,2019-09-22,2020-06-08,2
EMP432,Employee_432,51,Non-binary,Operations,Operations Manager,105274,2018-02-24,,4
EMP433,Employee_433,46,Non-binary,HR,HR Specialist,116094,2022-08-13,2024-12-22,2
EMP434,Employee_434,28,Male,Engineering,QA Engineer,66004,2022-04-06,2025-04-01,2
EMP435,Employee_435,39,Male,Finance,Accountant,95377,2021-10-05,2023-07-31,3
EMP436,Employee_436,52,Male,Sales,Sales Representative,110873,2018-02-19,2020-07-11,4
EMP437,Employee_437,48,Male,Finance,Finance Manager,75993,2019-11-08,,3
EMP438,Employee_438,26,Male,HR,HR Specialist,75569,2021-12-16,2022-07-22,3
EMP439,Employee_439,52,Non-binary,Engineering,DevOps Engineer,119993,2023-05-02,,3
EMP440,Employee_440,25,Non-binary,Operations,Project Manager,53583,2022-07-13,,1
EMP441,Employee_441,55,Male,Operations,Coordinator,114919,2018-10-13,,5
EMP442,Employee_442,55,Non-binary,Sales,Sales Representative,95160,2023-12-30,,2
EMP443,Employee_443,47,Male,Sales,Sales Executive,61146,2018-09-20,,2
EMP444,Employee_444,28,Male,Engineering,Technical Lead,65517,2021-09-09,,3
EMP445,Employee_445,33,Non-binary,HR,HR Specialist,90378,2019-01-04,,2
EMP446,Employee_446,58,Non-binary,Finance,Accountant,66346,2021-04-07,,5
EMP447,Employee_447,40,Male,Finance,Finance Manager,85743,2020-07-18,2022-01-13,5
EMP448,Employee_448,23,Non-binary,Finance,Financial Analyst,75473,2021-06-04,,4
EMP449,Employee_449,35,Non-binary,Finance,Accountant,112510,2021-08-21,,1
EMP450,Employee_450,44,Non-binary,HR,HR Specialist,93165,2023-12-27,,3
EMP451,Employee_451,60,Non-binary,Sales,Sales Executive,50692,2019-10-17,,3
EMP452,Employee_452,25,Male,HR,Recruiter,59981,2020-08-11,,3
EMP453,Employee_453,39,Non-binary,HR,Recruiter,56791,2021-01-16,2024-08-11,3
EMP454,Employee_454,57,Non-binary,Finance,Finance Manager,54360,2018-05-31,,3
EMP455,Employee_455,48,Non-binary,Marketing,SEO Specialist,52018,2019-11-13,,4
EMP456,Employee_456,40,Non-binary,Finance,Finance Manager,110207,2023-04-21,,4
EMP457,Employee_457,41,Non-binary,HR,HR Specialist,66108,2020-05-01,,1
EMP458,Employee_458,48,Non-binary,Operations,Operations Manager,63465,2019-09-01,,5
EMP459,Employee_459,51,Female,HR,HR Manager,63018,2018-01-14,2019-12-23,5
EMP460,Employee_460,46,Male,Operations,Operations Manager,108145,2018-07-18,,3
EMP461,Employee_461,24,Non-binary,HR,Recruiter,100383,2023-08-24,,4
EMP462,Employee_462,45,Non-binary,Finance,Financial Analyst,83151,2019-01-26,,3
EMP463,Employee_463,30,Female,Sales,Sales Executive,108115,2019-09-01,,5
EMP464,Employee_464,49,Female,HR,HR Specialist,45406,2019-11-24,,1
EMP465,Employee_465,57,Male,Sales,Sales Representative,61579,2018-09-13,,3
EMP466,Employee_466,56,Female,Finance,Accountant,76209,2020-04-10,,2
EMP467,Employee_467,47,Non-binary,Marketing,Marketing Manager,75018,2018-02-22,,2
EMP468,Employee_468,55,Male,Sales,Sales Executive,116608,2021-08-06,,5
EMP469,Employee_469,59,Male,Operations,Operations Manager,117655,2023-10-03,,4
EMP470,Employee_470,30,Non-binary,Finance,Accountant,73508,2019-10-19,,4
EMP471,Employee_471,56,Non-binary,Marketing,Marketing Manager,104457,2021-04-30,2024-01-27,5
EMP472,Employee_472,26,Female,Operations,Coordinator,52433,2018-07-24,,1
EMP473,Employee_473,47,Female,Finance,Finance Manager,77933,2019-12-06,,5
EMP474,Employee_474,27,Male,Operations,Project Manager,66328,2021-03-06,2023-08-19,5
EMP475,Employee_475,35,Non-binary,Marketing,SEO Specialist,54223,2023-05-02,,2
EMP476,Employee_476,58,Female,Finance,Finance Manager,70288,2023-12-14,,3
EMP477,Employee_477,29,Non-binary,Marketing,SEO Specialist,91816,2019-06-23,2022-04-26,1
EMP478,Employee_478,57,Female,Engineering,Technical Lead,69893,2021-09-11,,4
EMP479,Employee_479,47,Non-binary,Sales,Sales Executive,53632,2020-12-29,,5
EMP480,Employee_480,39,Male,Operations,Project Manager,106493,2018-06-28,,5
EMP481,Employee_481,38,Male,Engineering,Technical Lead,44820,2021-10-31,,1
EMP482,Employee_482,30,Non-binary,Finance,Financial Analyst,106350,2022-01-02,2023-09-13,5
EMP483,Employee_483,37,Male,Marketing,Content Writer,67475,2018-03-04,,4
EMP484,Employee_484,45,Non-binary,Engineering,Technical Lead,97516,2021-08-31,,2
EMP485,Employee_485,32,Male,HR,HR Specialist,78796,2022-04-05,,3
EMP486,Employee_486,41,Non-binary,Engineering,DevOps Engineer,46878,2018-01-25,,1
EMP487,Employee_487,52,Non-binary,HR,HR Manager,93184,2022-02-23,,1
EMP488,Employee_488,28,Male,Finance,Financial Analyst,56853,2023-07-17,,4
EMP489,Employee_489,39,Male,HR,HR Manager,105128,2019-06-22,,5
EMP490,Employee_490,41,Female,Engineering,Software Engineer,91118,2023-07-28,,4
EMP491,Employee_491,32,Female,Finance,Financial Analyst,87951,2021-04-08,2021-11-28,5
EMP492,Employee_492,51,Male,Finance,Finance Manager,119517,2022-06-18,,5
EMP493,Employee_493,27,Female,Sales,Sales Executive,117134,2022-11-13,,4
EMP494,Employee_494,55,Female,Operations,Coordinator,69561,2019-04-01,,5
EMP495,Employee_495,42,Male,Sales,Sales Representative,93933,2020-04-24,2021-08-25,1
EMP496,Employee_496,35,Male,HR,HR Manager,54371,2023-07-02,,5
EMP497,Employee_497,51,Male,Finance,Accountant,45359,2023-07-08,,4
EMP498,Employee_498,42,Male,Sales,Account Manager,95362,2023-03-19,2024-12-12,1
EMP499,Employee_499,47,Male,Finance,Financial Analyst,103879,2023-12-24,,1
EMP500,Employee_500,43,Female,Sales,Sales Executive,78791,2019-06-13,,5
EMP501,Employee_501,52,Male,HR,HR Specialist,96594,2023-06-23,2026-03-17,5
EMP502,Employee_502,39,Male,Operations,Project Manager,58063,2021-03-01,,3
EMP503,Employee_503,22,Non-binary,Marketing,Marketing Manager,102378,2023-11-10,,3
EMP504,Employee_504,45,Male,Operations,Operations Manager,43193,2023-03-18,,1
EMP505,Employee_505,52,Male,Marketing,Content Writer,59628,2019-08-11,,4
EMP506,Employee_506,53,Non-binary,Engineering,Technical Lead,45038,2023-08-15,,2
EMP507,Employee_507,36,Male,Sales,Sales Executive,44694,2021-12-31,2023-12-06,4
EMP508,Employee_508,56,Female,HR,HR Specialist,84907,2018-04-03,,4
EMP509,Employee_509,33,Male,Operations,Coordinator,58806,2019-11-16,,2
EMP510,Employee_510,48,Female,Operations,Coordinator,77715,2019-06-22,2020-12-02,2
EMP511,Employee_511,58,Female,Engineering,DevOps Engineer,105379,2023-03-01,,2
EMP512,Employee_512,52,Non-binary,Engineering,Technical Lead,82510,2018-09-19,,2
EMP513,Employee_513,53,Female,Engineering,DevOps Engineer,70206,2020-03-17,,3
EMP514,Employee_514,34,Male,Engineering,Technical Lead,81195,2020-11-18,2022-03-05,1
EMP515,Employee_515,50,Male,Sales,Account Manager,99487,2018-03-23,,1
EMP516,Employee_516,44,Female,Finance,Accountant,95952,2018-12-16,,5
EMP517,Employee_517,28,Male,Marketing,Marketing Manager,114537,2023-10-20,,3
EMP518,Employee_518,34,Female,Engineering,Technical Lead,84833,2023-10-20,,2
EMP519,Employee_519,60,Non-binary,Engineering,DevOps Engineer,58340,2018-02-20,,3
EMP520,Employee_520,30,Female,HR,HR Manager,56901,2021-05-09,,4
EMP521,Employee_521,30,Non-binary,HR,Recruiter,100074,2019-10-04,,4
EMP522,Employee_522,40,Non-binary,Finance,Accountant,117993,2019-04-03,,4
EMP523,Employee_523,56,Male,Marketing,SEO Specialist,97571,2020-08-12,,3
EMP524,Employee_524,46,Male,HR,HR Manager,80141,2022-01-27,,3
EMP525,Employee_525,59,Female,Operations,Coordinator,61452,2023-01-13,,3
EMP526,Employee_526,31,Non-binary,HR,HR Specialist,47939,2022-06-15,,3
EMP527,Employee_527,40,Male,Operations,Operations Manager,115174,2023-08-29,,5
EMP528,Employee_528,22,Male,Finance,Accountant,117231,2023-11-25,,4
EMP529,Employee_529,32,Female,HR,HR Manager,65501,2018-11-16,2021-12-15,5
EMP530,Employee_530,27,Non-binary,HR,HR Specialist,100223,2022-01-02,,3
EMP531,Employee_531,46,Non-binary,Finance,Accountant,62839,2022-03-20,2024-01-28,2
EMP532,Employee_532,49,Non-binary,Engineering,Software Engineer,105710,2022-02-06,,3
EMP533,Employee_533,25,Male,Finance,Accountant,114346,2019-11-06,,4
EMP534,Employee_534,33,Male,Marketing,Marketing Manager,80915,2021-05-30,,5
EMP535,Employee_535,43,Non-binary,Finance,Financial Analyst,78812,2018-11-28,2019-09-09,4
EMP536,Employee_536,37,Non-binary,Marketing,SEO Specialist,74371,2018-07-14,,4
EMP537,Employee_537,52,Male,Engineering,Technical Lead,111135,2022-11-15,,3
EMP538,Employee_538,33,Female,Engineering,Software Engineer,89403,2019-07-21,,2
EMP539,Employee_539,27,Female,Operations,Coordinator,111872,2019-10-02,,3
EMP540,Employee_540,44,Male,Finance,Finance Manager,74273,2021-07-24,,1
EMP541,Employee_541,36,Male,HR,HR Manager,48377,2020-07-24,,1
EMP542,Employee_542,50,Female,Sales,Sales Representative,101078,2018-09-14,,4
EMP543,Employee_543,31,Male,Finance,Accountant,74675,2018-07-30,2022-07-10,5
EMP544,Employee_544,52,Non-binary,Operations,Operations Manager,51653,2022-04-14,,2
EMP545,Employee_545,26,Non-binary,Marketing,SEO Specialist,103344,2018-05-18,2022-01-20,5
EMP546,Employee_546,35,Non-binary,Engineering,Software Engineer,115599,2023-09-03,,1
EMP547,Employee_547,28,Male,HR,HR Manager,93563,2023-05-29,2026-03-27,3
EMP548,Employee_548,38,Non-binary,Sales,Account Manager,96368,2019-12-10,,5
EMP549,Employee_549,38,Non-binary,Sales,Sales Executive,82098,2022-10-21,,1
EMP550,Employee_550,41,Non-binary,Marketing,SEO Specialist,57163,2020-09-07,,3
EMP551,Employee_551,36,Non-binary,Marketing,SEO Specialist,111021,2020-09-22,2023-06-25,3
EMP552,Employee_552,44,Non-binary,Sales,Sales Executive,115761,2020-07-05,,4
EMP553,Employee_553,49,Male,Sales,Account Manager,71087,2019-05-10,,5
EMP554,Employee_554,40,Male,Marketing,SEO Specialist,115859,2019-07-30,2021-05-20,5
EMP555,Employee_555,24,Male,Sales,Sales Representative,70941,2023-03-28,,2
EMP556,Employee_556,34,Male,Sales,Sales Representative,117232,2019-09-13,,4
EMP557,Employee_557,53,Non-binary,Marketing,Marketing Manager,62129,2023-01-10,,1
EMP558,Employee_558,22,Male,Finance,Accountant,58497,2021-12-20,,2
EMP559,Employee_559,29,Non-binary,Operations,Project Manager,109996,2022-03-05,,5
EMP560,Employee_560,43,Female,Marketing,Content Writer,48221,2021-01-02,,5
EMP561,Employee_561,22,Male,Marketing,SEO Specialist,94106,2021-08-27,,2
EMP562,Employee_562,37,Female,Marketing,Marketing Manager,109505,2023-11-10,,4
EMP563,Employee_563,57,Male,Engineering,Software Engineer,94574,2021-12-09,2024-05-11,1
EMP564,Employee_564,40,Male,Finance,Finance Manager,111896,2020-01-22,,2
EMP565,Employee_565,32,Non-binary,HR,Recruiter,60764,2018-03-03,,5
EMP566,Employee_566,39,Non-binary,Operations,Project Manager,94225,2020-02-17,,4
EMP567,Employee_567,27,Non-binary,Marketing,Content Writer,95968,2019-04-25,,4
EMP568,Employee_568,54,Non-binary,HR,HR Manager,108030,2019-02-14,,2
EMP569,Employee_569,52,Male,Sales,Sales Representative,46042,2018-07-27,2019-08-14,2
EMP570,Employee_570,59,Male,Operations,Operations Manager,99687,2018-02-12,2018-06-28,5
EMP571,Employee_571,33,Male,Operations,Coordinator,106075,2021-02-01,,4
EMP572,Employee_572,27,Male,HR,HR Manager,114394,2023-08-13,,2
EMP573,Employee_573,48,Female,Engineering,QA Engineer,69998,2023-08-26,2025-05-22,3
EMP574,Employee_574,35,Female,Operations,Project Manager,108230,2019-09-27,,4
EMP575,Employee_575,38,Female,HR,Recruiter,47137,2022-10-01,2026-03-17,2
EMP576,Employee_576,37,Non-binary,Engineering,Software Engineer,42217,2019-04-11,,3
EMP577,Employee_577,58,Female,HR,Recruiter,69634,2023-03-19,,2
EMP578,Employee_578,32,Female,HR,HR Manager,55721,2018-08-10,,3
EMP579,Employee_579,53,Female,Finance,Finance Manager,63712,2021-06-17,,2
EMP580,Employee_580,48,Male,Finance,Accountant,62892,2020-08-24,,5
EMP581,Employee_581,27,Female,Finance,Finance Manager,41602,2020-12-13,,3
EMP582,Employee_582,39,Male,Marketing,Marketing Manager,50260,2019-06-02,,3
EMP583,Employee_583,59,Female,Engineering,Technical Lead,111711,2021-09-22,,3
EMP584,Employee_584,31,Female,Marketing,Marketing Manager,107414,2023-06-15,2023-12-31,4
EMP585,Employee_585,42,Female,Engineering,Technical Lead,88866,2022-10-14,,4
EMP586,Employee_586,42,Male,Sales,Sales Representative,40417,2018-06-06,,2
EMP587,Employee_587,47,Female,Sales,Sales Executive,49432,2022-09-05,2022-11-18,3
EMP588,Employee_588,23,Female,Finance,Financial Analyst,55671,2018-02-28,2019-04-20,3
EMP589,Employee_589,33,Female,Engineering,Technical Lead,96214,2023-04-20,,1
EMP590,Employee_590,23,Male,Finance,Accountant,96995,2019-03-03,,1
EMP591,Employee_591,30,Female,Marketing,Marketing Manager,115788,2023-10-08,,2
EMP592,Employee_592,47,Female,Marketing,SEO Specialist,69924,2023-03-11,,2
EMP593,Employee_593,56,Non-binary,HR,HR Specialist,66557,2018-04-21,,2
EMP594,Employee_594,23,Non-binary,Operations,Operations Manager,84962,2022-09-13,,5
EMP595,Employee_595,35,Male,Marketing,Marketing Manager,102532,2019-08-13,,1
EMP596,Employee_596,42,Male,Engineering,Technical Lead,105492,2023-07-09,,3
EMP597,Employee_597,38,Female,Sales,Sales Representative,40170,2018-07-17,2020-05-02,2
EMP598,Employee_598,38,Female,Sales,Account Manager,97501,2022-02-23,,5
EMP599,Employee_599,35,Female,Sales,Sales Executive,63408,2021-10-06,2022-02-15,4
EMP600,Employee_600,35,Male,Operations,Operations Manager,76858,2023-08-09,,2
